id,department,problem,solution,aliases
1,الشبكات والإنترنت,لا أستطيع الاتصال بالشبكة,تأكد من تشغيل الواي فاي وإيقاف وضع الطيران، ثم اتصل بالشبكة الجامعية الصحيحة. قارن بجهاز آخر في الموقع نفسه. إذا استمرت المشكلة، اذكر اسم الشبكة والموقع للدعم الفني.,ما اقدر اتصل بواي فاي الجامعة؛الواي فاي ما يشبك؛campus wifi not connecting
2,الشبكات والإنترنت,الإنترنت بطيء جداً,اختبر أكثر من موقع لمعرفة هل البطء عام، وأوقف التنزيلات غير الضرورية على جهازك. جرّب مكاناً أفضل تغطية أو اتصالاً سلكياً متاحاً. إذا تأثرت أجهزة أخرى أيضاً، بلّغ دعم الشبكات بالموقع والوقت دون إعادة تشغيل أجهزة الشبكة المشتركة.,النت بطي؛النت بطيء؛الانترنت بطي؛internet slow
3,الشبكات والإنترنت,انقطاع الإنترنت المتكرر,لاحظ هل الانقطاع في جهازك فقط أو لدى الآخرين. أعد الاتصال بالشبكة وأعد تشغيل جهازك بعد حفظ العمل. بلّغ دعم الشبكات بالموقع والوقت إذا تكرر؛ لا تفصل راوتر الجامعة أو نقطة الوصول.,النت يفصل كل شوي؛الشبكة تقطع؛internet keeps disconnecting
4,البوابة الإلكترونية,لا أستطيع تسجيل الدخول إلى البوابة,افتح البوابة من موقع الجامعة الرسمي، وتحقق من لغة لوحة المفاتيح والمسافات في اسم المستخدم. استخدم استعادة كلمة المرور إذا كانت الرسالة تشير إليها. إذا ظهر خطأ آخر، اكتب نصه دون مشاركة كلمة المرور.,ما اقدر ادخل البوابة؛البوابة ترفض دخولي؛portal login failed
5,البوابة الإلكترونية,صفحة البوابة لا تفتح,جرّب موقعاً آخر للتأكد من الاتصال، ثم افتح رابط البوابة الرسمي في متصفح حديث أو نافذة خاصة. إذا كانت البوابة وحدها لا تفتح على أكثر من جهاز أو شبكة، اكتب رسالة الخطأ للدعم.,موقع الجامعة ما يفتح؛البوابة ما تفتح؛portal wont open
6,البوابة الإلكترونية,لا تظهر بياناتي في البوابة,سجّل الخروج ثم ادخل مجدداً، وجرّب نافذة خاصة. إذا بقيت البيانات مفقودة، حدّد الحقول المتأثرة للجهة المسؤولة عبر القناة الرسمية. لا ترسل رقم الهوية أو بيانات الحساب هنا.,
7,إدارة أنظمة التشغيل,نسيت كلمة مرور البريد الإلكتروني الجامعي,افتح البريد من موقع الجامعة الرسمي واستخدم استعادة كلمة المرور إن كانت متاحة. إذا تعذر التحقق، راجع دعم الحسابات عبر القناة الرسمية. لا تشارك كلمة المرور أو رمز التحقق هنا.,نسيت كلمة مرور البريد الإلكتروني؛نسيت باسورد الايميل؛نسيت باسورد البريد؛forgot university email password
8,إدارة أنظمة التشغيل,لا أستطيع إرسال أو استقبال البريد الجامعي,اختبر البريد من المتصفح وافحص الاتصال ورسالة الخطأ وصندوق البريد غير الهام. إذا تعطل المتصفح أيضاً، اكتب نص الخطأ للدعم. إذا تعطل التطبيق فقط، أعد فتحه وراجع إعدادات الحساب مع الدعم.,لا أستطيع إرسال أو استقبال البريد؛الايميل ما يرسل؛البريد ما يستقبل؛email not sending or receiving
9,إدارة أنظمة التشغيل,البريد الجامعي لا يعمل على الهاتف,اختبر البريد من المتصفح، ثم حدّث تطبيق البريد وأعد فتحه. أضف الحساب وفق طريقة الجامعة الرسمية دون تخمين خوادم IMAP أو SMTP. اكتب اسم التطبيق ورسالة الخطأ إذا استمرت المشكلة.,البريد لا يعمل على الهاتف المحمول؛ايميل الجامعة ما يشتغل بالجوال؛email not working on phone
10,الدعم الفني لأنظمة التعلم الإلكتروني,لا أستطيع رفع ملف في بلاك بورد,راجع تعليمات الواجب للصيغ والحجم المسموح، ثم جرّب اسم ملف قصيراً واتصالاً مستقراً ومتصفحاً حديثاً. لا يوجد حد موحد لكل المقررات. عند قرب الموعد، أخبر المدرس برسالة الخطأ عبر القناة الرسمية.,بلاك بورد ما يرفع الملف؛ما اقدر ارفع واجب؛blackboard upload failed
11,الدعم الفني لأنظمة التعلم الإلكتروني,لا أستطيع الدخول إلى مقرر في بلاك بورد,تأكد أن المقرر موجود في تسجيلك الأكاديمي ثم أعد الدخول للمنصة. إذا كان مسجلاً ولا يظهر أو ظهر منع الوصول، راجع المدرس أو دعم التعلم الإلكتروني للتحقق من إتاحة المقرر وصلاحياته.,لا أستطيع الدخول إلى مقرر؛المقرر ما يفتح؛الكورس مو موجود؛cannot access blackboard course
12,الدعم الفني لأنظمة التعلم الإلكتروني,الاختبار لا يفتح في بلاك بورد,تحقق من وقت الاختبار ومتطلباته واستخدم المتصفح المطلوب للمقرر. إذا بدأت محاولة بالفعل، لا تكرر التحديث أو الإرسال قبل الرجوع للمدرس أو الدعم حتى لا تتأثر المحاولة.,الاختبارات لا تفتح في المنصة؛الاختبار ما يفتح؛blackboard exam not opening
13,الدعم الفني لمنظومة وافي,منظومة وافي تعرض رسالة خطأ,احفظ العمل إن أمكن ثم جرّب تسجيل الخروج والدخول أو نافذة خاصة. اكتب نص الخطأ والخطوة التي يظهر عندها دون بيانات شخصية، وراجع دعم وافي إذا تكرر.,النظام لا يعمل أو تظهر لي رسالة خطأ
14,الدعم الفني لمنظومة وافي,لا أستطيع اعتماد معاملة في وافي,راجع الحقول والمرفقات المطلوبة ورسالة الخطأ. إذا كان السبب صلاحيات أو مسار اعتماد، اطلب المراجعة من مسؤول وافي؛ لا يمكن للمساعد تغيير صلاحيات الحساب.,لا أستطيع اعتماد معاملة
15,بوابة الإسكان,خطأ أثناء تقديم طلب في بوابة الإسكان,راجع الحقول الإلزامية وتنبيهات النموذج ثم أعد المحاولة بعد حفظ البيانات. إذا استمر الخطأ، حدّد نصه ومرحلة الطلب لدعم بوابة الإسكان دون إرسال مستندات شخصية هنا.,خطأ أثناء تقديم الطلب
16,بوابة الإسكان,لا أستطيع رفع مستند في بوابة الإسكان,اتبع الصيغ والحجم المسموحين في صفحة الرفع. تأكد أن الملف يفتح وأن اسمه واضح ثم جرّب متصفحاً آخر. لا تقلّص الحجم إذا أصبحت البيانات غير مقروءة.,لا أستطيع تحميل المستندات
17,الدعم الفني للمعامل,أحد الأجهزة في المعمل لا يعمل,تحقق من زر التشغيل والتوصيلات الخارجية فقط، ثم بلّغ فني المعمل بالجهاز والموقع. لا تفتح الجهاز. عند وجود رائحة احتراق أو تلف كهربائي، توقف عن الاستخدام وبلّغ المسؤول.,كمبيوتر المعمل ما يشتغل؛lab computer wont turn on
18,الدعم الفني للمعامل,الطابعة في المعمل لا تعمل,اختر الطابعة الصحيحة وافحص رسالة الخطأ والورق إن كان مسموحاً. لا تحذف تعريفات أو تغيّر إعدادات طابعة مشتركة. بلّغ فني المعمل بالموقع ونص الخطأ.,طابعة المعمل ما تطبع؛lab printer not working
19,الدعم الفني للتحول الرقمي,لا أستطيع رفع الملفات في بوابة التحول الرقمي,راجع الصيغ والحجم المسموحين في صفحة الرفع وتأكد أن الملف يفتح. جرّب اسماً قصيراً ومتصفحاً حديثاً. إذا تكرر الفشل، اكتب رسالة الخطأ لدعم منصة التحول الرقمي.,
20,الدعم الفني للتحول الرقمي,مشكلة في تسجيل مبادرة رقمية,راجع الحقول الإلزامية والتنبيهات في نموذج المبادرة. احفظ نسخة من النص قبل إعادة المحاولة، ثم حدّد الحقل أو الخطوة التي يتوقف عندها التسجيل للدعم.,
21,الدعم الفني للتحول الرقمي,النماذج الإلكترونية لا تفتح,اختبر الاتصال بموقع آخر ثم افتح رابط المنصة الرسمي في متصفح حديث أو نافذة خاصة. اكتب اسم النموذج ورسالة الخطأ إذا بقيت المشكلة.,
22,الدعم الفني والصيانة,حاسب الجامعة توقف عن الاستجابة,إذا كان الجهاز يستجيب، احفظ العمل وأغلق التطبيق المتعطل ثم أعد التشغيل. إذا لم يستجب، اطلب مساعدة الفني قبل إعادة تشغيله قسرياً، خصوصاً أثناء حفظ الملفات أو تشغيل تجربة.,تعطل أحد أجهزة الحاسب؛كمبيوتر الجامعة علق؛حاسب الجامعة معلق
23,الدعم الفني والصيانة,الفأرة أو لوحة المفاتيح لا تعمل,أعد توصيل الكابل بمنفذ آخر أو افحص بطاريات الجهاز اللاسلكي. جرّب أداة أخرى إن توفرت. راجع الفني إذا استمرت المشكلة على جهاز جامعي مشترك.,الماوس ما يشتغل؛الكيبورد ما يشتغل؛mouse keyboard not working
24,المجالس والتوظيف,لا أستطيع الدخول إلى نظام المجالس,افتح نظام المجالس من الرابط الرسمي وراجع لغة لوحة المفاتيح ورسالة الدخول. استخدم الاستعادة إن كانت متاحة، وراجع المسؤول إذا كانت المشكلة صلاحيات أو حساباً غير مفعّل.,
25,المجالس والتوظيف,لا أستطيع رفع محضر اجتماع في نظام المجالس,راجع الصيغ والحجم المطلوبين في صفحة الرفع. تأكد أن الملف غير تالف أو محمي بكلمة مرور وأن اسمه قصير. اكتب رسالة الخطأ لدعم نظام المجالس إذا استمر الرفض.,مشكلة في رفع محضر اجتماع
26,الشبكات والإنترنت,ضعف تغطية شبكة الواي فاي في أحد المكاتب,جرّب موقعاً أقرب للتغطية وقارن بجهاز آخر. بلّغ دعم الشبكات بالشبكة والمكتب والأوقات المتأثرة لتقييم التغطية. لا تغيّر موقع نقطة الوصول أو إعداداتها بنفسك.,الواي فاي ضعيف بالمكتب؛wifi weak signal
27,الشبكات والإنترنت,عدم ظهور شبكة WiFi في قائمة الشبكات,تأكد من تشغيل الواي فاي وإيقاف وضع الطيران ثم أعد تشغيل الجهاز. قارن بجهاز قريب. إذا لم تظهر الشبكة لدى الجميع، أبلغ الدعم بالموقع؛ إذا ظهرت لدى غيرك فقط، يحتاج جهازك إلى فحص.,شبكة الجامعة مو ظاهرة؛wifi network missing
28,الشبكات والإنترنت,الجهاز يفصل من الشبكة تلقائياً,أعد الاتصال ثم أعد تشغيل جهازك. إذا كنت تملك بيانات الاتصال المطلوبة، يمكنك نسيان الشبكة وإضافتها. اذكر نوع الجهاز وهل المشكلة في موقع واحد للدعم.,
29,البوابة الإلكترونية,بيانات الطالب في البوابة تظهر ناقصة,أعد تسجيل الدخول وقارن من نافذة خاصة. حدّد الحقول الناقصة عبر قناة الدعم الرسمية دون إرسال رقم الهوية في الدردشة. تصحيح البيانات الأكاديمية يحتاج الجهة المسؤولة.,بيانات الطالب الشخصية لا تظهر كاملة
30,البوابة الإلكترونية,لا يمكنني طباعة الجدول الدراسي,جرّب حفظ الجدول PDF من خيار الطباعة في المتصفح ثم اطبع الملف. إذا لم يظهر الجدول أصلاً، صف تعطل صفحة الجدول. وإذا تعذرت طباعة أي ملف، فالمشكلة في الطابعة.,
31,البوابة الإلكترونية,البوابة تعلق عند تحديث بيانات الطالب,احفظ المعلومات خارج الصفحة ثم جرّب نافذة خاصة أو متصفحاً حديثاً. إذا استمر التعليق، اكتب اسم الحقل والخطوة التي يتوقف عندها الموقع ونص الخطأ. هذه المحادثة تستقبل النص فقط.,حدوث تعليق عند تحديث البيانات
32,إدارة أنظمة التشغيل,البريد يرسل رسائل مكررة تلقائياً,تحقق هل التكرار يظهر في البريد عبر المتصفح أو في تطبيق واحد. أوقف إعادة الإرسال اليدوي وأعد فتح التطبيق. راجع الدعم إذا استمر التكرار، خاصة عند ظهور رسائل لم ترسلها أنت.,
33,إدارة أنظمة التشغيل,مساحة البريد الجامعي ممتلئة,راجع الرسائل الكبيرة واحفظ المهم قبل حذف غير الضروري، ثم أفرغ المحذوفات بعد التأكد. إذا بقيت المساحة غير كافية، اسأل دعم البريد عن الخيارات المتاحة لحسابك؛ لا توجد زيادة مضمونة هنا.,طلب زيادة مساحة البريد؛الايميل فل؛صندوق البريد ممتلي؛mailbox full
34,إدارة أنظمة التشغيل,مشكلة في إرسال بريد يحتوي على مرفقات,راجع رسالة الخطأ وحد المرفقات في خدمة البريد. للملفات الكبيرة، استخدم خدمة مشاركة معتمدة لحسابك مع ضبط صلاحيات الرابط، أو قلّص الحجم مع الحفاظ على الوضوح.,المرفق ما ينرسل بالايميل؛email attachment too large
35,الدعم الفني لأنظمة التعلم الإلكتروني,المحتوى التفاعلي لا يعمل في بلاك بورد,حدّث المتصفح وجرّب نافذة خاصة. اسمح بالمحتوى المطلوب فقط على نطاق المنصة الرسمي وفق تعليمات المقرر دون تعطيل حماية المتصفح بالكامل. اكتب اسم النشاط ونص الخطأ إذا استمر العطل.,المحتوى التفاعلي لا يعمل
36,الدعم الفني لأنظمة التعلم الإلكتروني,الدرجات لا تظهر في بلاك بورد,تحقق من المقرر وصفحة الدرجات. قد لا يكون المدرس قد نشر النتيجة؛ اسأله عن إتاحتها. إذا أكد نشرها ولم تظهر، راجع دعم التعلم الإلكتروني دون إرسال بيانات شخصية.,عدم ظهور الدرجات في النظام
37,الدعم الفني لأنظمة التعلم الإلكتروني,صفحة المقرر في بلاك بورد فارغة,أعد تسجيل الدخول وافتح المقرر من نافذة خاصة. إذا بقي فارغاً، اسأل المدرس هل المحتوى منشور للطلاب، ثم راجع الدعم إذا أكد توفره.,صفحة المقرر تظهر فارغة
38,الدعم الفني لمنظومة وافي,فشل إدخال رمز التحقق في وافي,استخدم أحدث رمز وصل لحسابك قبل انتهاء صلاحيته. لا تشاركه مع أي شخص. إذا انتهى أو لم يصل، اطلب رمزاً جديداً بعد الفترة التي يعرضها وافي.,مشكلة في التحقق بالرسائل النصية
39,الدعم الفني لمنظومة وافي,وافي يرفض رفع مستند هوية,اتبع صيغة الملف وحجمه في وافي وتأكد من وضوح المستند. ارفعه في الصفحة الرسمية فقط ولا ترسله هنا. اكتب نص الخطأ دون بيانات المستند.,النظام لا يقبل رفع ملفات الهوية
40,الدعم الفني لمنظومة وافي,وافي يعرض رسالة المستخدم غير موجود,تحقق من اسم المستخدم والرابط الرسمي. إذا بقيت الرسالة، راجع مسؤول حسابات وافي لتأكيد وجود الحساب وتفعيله. لا يمكن إنشاء أو تعديل الحساب من هذه المحادثة.,"خطأ ""المستخدم غير موجود"""
41,بوابة الإسكان,خطأ في نقاط الاستحقاق ببوابة الإسكان,راجع البيانات والمعايير المنشورة في بوابة الإسكان. إذا كانت صحيحة والنقاط غير متوقعة، استفسر من الجهة المسؤولة؛ المساعد لا يحسب الاستحقاق أو يصدر قراراً بشأنه.,مشكلة في حساب نقاط الاستحقاق
42,بوابة الإسكان,لا أستطيع تعديل طلب الإسكان,راجع حالة طلب الإسكان وخيارات التعديل. قد تمنع مرحلة المعالجة التعديل، لكن لا يمكن تأكيد السبب دون رسالة النظام. استفسر من الدعم قبل إنشاء طلب مكرر.,عدم القدرة على تعديل الطلب
43,بوابة الإسكان,بوابة الإسكان تعرض الخدمة غير متاحة,حدّث الصفحة مرة واحدة وقارن من نافذة خاصة. إذا استمرت الرسالة، راجع إشعارات بوابة الإسكان أو الدعم. لا تفترض اكتمال تقديم الطلب دون تأكيد.,"النظام يعرض رسالة ""الخدمة غير متاحة"""
44,الدعم الفني للمعامل,برنامج المختبر لا يعمل بعد التحديث,أعد فتح البرنامج ثم اذكر اسمه ونص الخطأ لفني المعمل. لا تحذفه أو تعِد تثبيته بصلاحيات المسؤول على جهاز مشترك دون موافقة الفني.,
45,الدعم الفني للمعامل,عدم قراءة جهاز المختبر لمدخل USB,جرّب منفذاً آخر إن كان مسموحاً وقارن بذاكرة سليمة. لا تهيّئ ذاكرة تحتوي على ملفات مهمة. راجع الفني إذا كانت أجهزة التخزين ممنوعة بسياسة المعمل أو لا تُقرأ.,
46,الدعم الفني للمعامل,بطء شديد في أجهزة المعمل,احفظ عملك وأغلق التطبيقات غير الضرورية على جهازك فقط. اذكر البرنامج والجهاز والوقت لفني المعمل. لا تعِد تشغيل أجهزة الآخرين أو أجهزة تدير تجربة.,
47,الدعم الفني للتحول الرقمي,المهام لا تظهر في منصة التحول الرقمي,تأكد من الحساب والفلاتر ونطاق العرض ثم أعد تسجيل الدخول. إذا لم تظهر مهمة متوقعة، راجع مسؤول المنصة للتأكد من إسنادها وصلاحياتها.,عدم ظهور المهام في منصة التحول
48,الدعم الفني للتحول الرقمي,لا أستطيع اعتماد معاملة في منصة التحول الرقمي,راجع الحقول ورسالة الخطأ ومرحلة المعاملة. إذا كانت المشكلة صلاحيات أو توقيعاً معتمداً، اطلب المراجعة من مسؤول منصة التحول؛ لا يمكن للمساعد تغييرها.,النظام لا يقبل اعتماد المعاملة
49,الدعم الفني للتحول الرقمي,فشل رفع مستندات في منصة التحول الرقمي,اتبع الصيغ والحجم المعروضين في صفحة الرفع وتأكد أن الملف يفتح. جرّب اسماً قصيراً ومتصفحاً حديثاً ثم اكتب نص الخطأ إن استمر الفشل.,فشل رفع المستندات في منصة التحول
50,الدعم الفني والصيانة,حاسب الجامعة ترتفع حرارته,احفظ العمل وضع الجهاز على سطح مناسب دون حجب التهوية الخارجية. إذا كان شديد السخونة أو يغلق تلقائياً، توقف عن استخدامه وراجع الفني. لا تفتح الجهاز أو تنظف المكونات الداخلية بنفسك.,ارتفاع حرارة الجهاز؛البي سي يسخن؛حرارة اللابتوب عالية؛computer overheating
51,الدعم الفني والصيانة,لوحة مفاتيح حاسب الجامعة لا تستجيب,افحص توصيل لوحة المفاتيح أو البطاريات وجرّب لوحة أخرى. إذا تعطلت في برنامج واحد، أعد فتحه. إذا استمر العطل على الجهاز كله، راجع الفني دون تغيير النظام بصلاحيات إدارية.,لوحة المفاتيح لا تستجيب؛الكيبورد معلق؛keyboard not responding
52,الدعم الفني والصيانة,أحتاج صيانة لحاسب جامعي معطل,دوّن موقع الجهاز ووصف العطل ورقم الأصل إن كان ظاهراً ثم استخدم قناة الدعم الرسمية. هذا المساعد يقدم إرشادات ولا يرسل طلب صيانة تلقائياً.,الطلب على صيانة جهاز معطل
53,المجالس والتوظيف,لا يمكنني رفع السيرة الذاتية في بوابة التوظيف,راجع الصيغ والحجم في إعلان الوظيفة وصفحة الرفع. تأكد أن السيرة تفتح بوضوح وأن اسم الملف قصير، ثم جرّب متصفحاً حديثاً. لا يوجد حد حجم موحد يمكن تأكيده هنا.,لا يمكن رفع السيرة الذاتية
54,المجالس والتوظيف,رسالة تفعيل حساب التوظيف لم تصل,راجع البريد المكتوب وصندوق البريد غير الهام. أعد طلب التفعيل إن كانت الخدمة تتيح ذلك وانتظر المدة الموضحة بالموقع. راجع الدعم إذا استمرت المشكلة ولا تشارك رابط التفعيل.,عدم وصول رسالة تفعيل الحساب
55,المجالس والتوظيف,بوابة التوظيف تعرض الطلب غير مكتمل,راجع الحقول الإلزامية والمستندات المشار إليها في طلب التوظيف. احفظ التعديلات وتحقق من تأكيد الاكتمال؛ لا تعتبر الطلب مقدماً حتى تظهر حالته المناسبة.,النظام يعرض “طلبك غير مكتمل”
56,الدعم الفني للتحول الرقمي,لا أستطيع إنشاء حساب في منصة التحول الرقمي,راجع شروط التسجيل والحقول ونص الخطأ. إذا كان الحساب موجوداً، استخدم الاستعادة بدلاً من إنشاء آخر. اسأل الدعم إذا كان التسجيل يتطلب حسابات أو صلاحيات محددة.,عدم قدرة المستخدم على التسجيل في المنصة
57,الدعم الفني للتحول الرقمي,منصة التحول الرقمي ترفض تاريخ المعاملة,أدخل التاريخ بالتنسيق المطلوب أو عبر منتقي التاريخ في النموذج. تأكد من التقويم الصحيح إن وُجد هجري وميلادي؛ لا يوجد تنسيق موحد لكل منصة.,النظام يرفض إدخال تاريخ المعاملة
58,الدعم الفني للتحول الرقمي,فشل إرسال معاملة في منصة التحول الرقمي,راجع الحقول والمرفقات والجهة المستلمة ورسالة الخطأ. إذا لم يظهر تأكيد الإرسال، تحقق من سجل المعاملات قبل المحاولة مجدداً لتجنب التكرار، ثم راجع الدعم.,خطأ في إرسال المعاملة للجهة المعنية
59,الشبكات والإنترنت,اتصال VPN الجامعي لا يعمل,استخدم برنامج VPN وإعدادات الجامعة المعتمدة فقط، وتأكد من الإنترنت ووقت الجهاز. اكتب اسم البرنامج ونص الخطأ للدعم دون استخدام VPN غير موثوق أو تغيير الشبكة المؤسسية.,شبكة VPN لا تتصل؛في بي ان الجامعة ما يتصل؛university vpn not connecting
60,الشبكات والإنترنت,بطء في تحميل الملفات الكبيرة,اختبر التنزيل من مصدر آخر وأوقف التنزيلات الأخرى على جهازك. جرّب اتصالاً سلكياً متاحاً. إذا كان البطء عاماً، بلّغ دعم الشبكات بالموقع والوقت.,التحميل بطيء؛slow downloads
61,الشبكات والإنترنت,الشبكة تنقطع عن عدة أجهزة في المكتب,حدّد الأجهزة والموقع والأوقات المتأثرة وبلّغ دعم الشبكات. لا تفصل السويتش أو تعِد توزيع توصيلات المكتب، لأن ذلك قد يقطع الخدمة عن الآخرين.,انقطاع الشبكة عند تشغيل عدة أجهزة في المكتب
62,الشبكات والإنترنت,نقطة الواي فاي الجامعية لا تبث الشبكة,قارن بأكثر من جهاز في الموقع ثم أبلغ دعم الشبكات بالموقع والمؤشرات الظاهرة. لا تفصل أو تعِد تشغيل نقطة وصول مشتركة بنفسك.,توقف نقطة الوصول عن بث الإشارة
63,الشبكات والإنترنت,حاسب الجامعة يعرض مشكلة في عنوان IP,أعد الاتصال بالشبكة وأعد تشغيل جهازك بعد حفظ العمل. إذا استمرت رسالة IP أو DHCP، اكتب نصها للدعم دون وضع عنوان ثابت أو تغيير إعدادات شبكة الجامعة من تلقاء نفسك.,عدم قدرة الحاسب على الحصول على عنوان IP
64,الشبكات والإنترنت,لا أستطيع الاتصال بطابعة الجامعة عبر الشبكة,تأكد من الشبكة المعتمدة واسم الطابعة الصحيح ثم جرّب ملفاً صغيراً. إذا لم تظهر الطابعة أو كانت غير متاحة، راجع الفني ولا تخمّن عنوان IP أو تغيّر منفذ الطابعة.,فشل الاتصال بالطابعة عبر الشبكة؛طابعة الشبكة مو متصلة؛network printer unavailable
65,الشبكات والإنترنت,ارتفاع زمن الاستجابة أثناء الاجتماعات,أوقف التنزيلات غير الضرورية وجرّب اتصالاً سلكياً أو مكاناً أفضل تغطية. قارن بموقع آخر. إذا استمرت المشكلة، اذكر التطبيق والموقع والوقت لدعم الشبكات.,
66,البوابة الإلكترونية,صفحة الحذف والإضافة لا تستجيب,جرّب نافذة خاصة أو متصفحاً حديثاً وراجع إشعارات إتاحة الخدمة. الأخطاء الأكاديمية مثل تعارض المقررات أو شروطها تحتاج الجهة الأكاديمية. لا تكرر الإرسال قبل التأكد من نتيجة العملية.,
67,البوابة الإلكترونية,عدم تحميل كشف الدرجات,تحقق من الإنترنت واسمح بتنزيل الملف من النطاق الرسمي إذا منعه المتصفح. جرّب متصفحاً آخر. إذا ظهرت رسالة بدلاً من كشف الدرجات، اكتب نصها للدعم.,
68,البوابة الإلكترونية,عدم ظهور إشعارات الطالب الجديدة,راجع الحساب والفلاتر وقسم الإشعارات ثم أعد تسجيل الدخول. إذا تتوقع إشعاراً معيناً، حدّد نوعه ووقته للدعم دون نشر محتواه الشخصي.,
69,البوابة الإلكترونية,تعطل صفحة الجدول الدراسي,جرّب البوابة من نافذة خاصة أو متصفح آخر. إذا بقي الجدول فارغاً، تأكد من التسجيل عبر الجهة الأكاديمية؛ أما رسالة تعطل الصفحة فاكتب نصها للدعم.,الجدول الدراسي ما يفتح
70,البوابة الإلكترونية,خطأ عند تحديث العنوان الوطني,راجع تنسيق الحقول والتعليمات المعروضة. إذا لم يقبل النظام بيانات صحيحة، اكتب اسم الحقل ونص الخطأ فقط للدعم دون إرسال عنوانك الكامل أو رقم الهوية.,
71,إدارة أنظمة التشغيل,Outlook لا يزامن البريد الجامعي,اختبر البريد من المتصفح وتأكد أن Outlook ليس في وضع العمل دون اتصال. أعد فتحه وافحص الخطأ. لا تحذف ملفات OST أو ملف الحساب إذا كنت غير متأكد؛ راجع الدعم.,توقف الـ Outlook عن المزامنة؛الاوتلوك ما يحدث البريد؛outlook not syncing
72,إدارة أنظمة التشغيل,تحديث ويندوز يفشل على حاسب الجامعة,اكتب رمز الخطأ وافحص الإنترنت والطاقة والمساحة. أعد التشغيل في وقت مناسب إذا طلب النظام ذلك. لا تحذف مجلدات النظام أو تغيّر خدماته على حاسب جامعي؛ راجع الفني.,عدم القدرة على تثبيت تحديث ويندوز؛ويندوز ما يتحدث؛windows update fails
73,إدارة أنظمة التشغيل,برامج Office لا تعمل بعد تحديثها,احفظ العمل وأعد تشغيل الجهاز ثم جرّب مستنداً آخر لتحديد هل العطل في الملف أم البرنامج. اطلب من الفني إصلاح Office على الجهاز الجامعي دون إعادة تثبيته من تلقاء نفسك.,تعطل برنامج الأوفيس بعد الترقية؛الاوفيس ما يفتح؛office wont open
74,إدارة أنظمة التشغيل,الشاشة الثانية لا تظهر على حاسب الجامعة,افحص الكابل الخارجي ومصدر الإدخال المختار على الشاشة. جرّب إعداد العرض المناسب في النظام. إذا لم تُكتشف الشاشة، راجع الفني لفحص الكابل أو التعريف.,عدم تعرف النظام على الشاشة الثانية؛الشاشة الثانية مو شغالة؛second monitor not detected
75,إدارة أنظمة التشغيل,تعطل الطباعة بعد تحديث النظام,تأكد من الطابعة المعتمدة ورسالة الخطأ والاتصال. إذا تعطلت كل الملفات بعد التحديث، راجع الفني لإصلاح التعريف دون تغيير منافذ طابعة مشتركة.,
76,الدعم الفني لأنظمة التعلم الإلكتروني,لا أستطيع بدء محاولة الاختبار في بلاك بورد,راجع وقت الاختبار ومتطلباته والمحاولات المسموح بها. إذا منع النظام المحاولة، تواصل مع المدرس أو دعم المنصة فوراً بنص الخطأ؛ المساعد لا يفتح محاولة جديدة.,عدم تمكن الطالب من أداء الاختبار رغم تسجيل الدخول
77,الدعم الفني لأنظمة التعلم الإلكتروني,ملفات المحاضرات لا تظهر في بلاك بورد,راجع المقرر والقسم الصحيحين ثم أعد تسجيل الدخول. اسأل المدرس هل الملفات منشورة للطلاب. إذا أكد توفرها ولا تظهر، راجع دعم المنصة.,اختفاء ملفات المحاضرات من صفحة المقرر
78,الدعم الفني لأنظمة التعلم الإلكتروني,رفع الواجب يتوقف عند الإرسال في بلاك بورد,راجع الصيغة والحجم حسب تعليمات الواجب ثم جرّب متصفحاً حديثاً. تحقق من تأكيد التسليم أو سجل المحاولة. إذا لم يظهر، أخبر المدرس بنص الخطأ قبل الموعد ولا تفترض نجاح التسليم.,تعطل رفع الواجب عند الضغط على إرسال؛ارسال الواجب يعلق؛assignment submit stuck
79,الدعم الفني لأنظمة التعلم الإلكتروني,الصوت لا يعمل في المحاضرة المباشرة,افحص مستوى الصوت واختر السماعة أو الميكروفون الصحيح داخل التطبيق. راجع إذن الميكروفون للنطاق الرسمي عند الحاجة وجرّب اختبار الصوت. إذا تعطل لدى الجميع، أخبر منظم المحاضرة.,مشاكل بالصوت داخل المحاضرة المباشرة؛ما اسمع المحاضرة؛lecture audio not working
80,الدعم الفني لأنظمة التعلم الإلكتروني,التقييم الذاتي لا يحمل في بلاك بورد,استخدم اتصالاً مستقراً ومتصفحاً حديثاً وتحقق من وقت إتاحة النشاط. إذا بدأت محاولة، لا تكرر التحديث قبل الرجوع للمدرس أو الدعم.,عدم تحميل الاختبارات الذاتية
81,الدعم الفني لمنظومة وافي,حالة طلب وافي لا تظهر,أعد تسجيل الدخول وراجع رقم الطلب وسجل المعاملات في وافي. إذا بقيت الحالة مفقودة، استفسر من الجهة المسؤولة دون إنشاء طلب مكرر.,عدم ظهور حالة الطلب الحالية
82,الدعم الفني لمنظومة وافي,وافي يرفض مستنداً كبير الحجم,راجع حد الرفع والصيغة في وافي. قلّص الحجم مع الحفاظ على وضوح المستند أو اسأل الدعم عن بديل معتمد. لا تستخدم مواقع غير موثوقة لضغط مستندات حساسة.,فشل رفع المستندات الكبيرة
83,الدعم الفني لمنظومة وافي,صفحة دخول وافي لا تفتح,جرّب رابط وافي الرسمي في نافذة خاصة ومتصفح حديث. اتبع متطلبات الشبكة المنشورة للخدمة؛ لا تغيّر VPN معتمداً دون معرفة تلك المتطلبات.,تعطل صفحة تسجيل الدخول
84,الدعم الفني لمنظومة وافي,وافي يعرض بيانات حساب قديمة,حدّد الحقول القديمة للجهة المسؤولة عن حساب وافي عبر قناتها الرسمية. لا يمكن للمساعد تعديل البيانات ولا ينبغي إرسال التفاصيل الشخصية هنا.,ظهور بيانات قديمة في الحساب
85,الدعم الفني لمنظومة وافي,رمز تحقق وافي لا يصل للجوال,تأكد من التغطية ورقم التواصل المسجل عبر الإعدادات الرسمية، وانتظر الفترة المعروضة قبل طلب رمز جديد. راجع حظر الرسائل واتصل بالدعم إذا استمرت المشكلة؛ لا تشارك الرمز.,عدم وصول رمز التحقق للهاتف؛كود وافي ما يوصل؛wafi otp not received
86,بوابة الإسكان,معلومات الملكية لا تتحدث في بوابة الإسكان,راجع الحالة الظاهرة وتعليمات تحديث البيانات في بوابة الإسكان ثم استفسر من الجهة المسؤولة. لا توجد مدة مزامنة يمكن ضمانها من المساعد.,تأخر تحديث معلومات الملكية
87,بوابة الإسكان,لا أستطيع رفع المستندات العائلية في بوابة الإسكان,راجع صيغة المستند وحجمه ووضوحه، وجرّب الرفع من حاسب ومتصفح حديث. ارفع مستندات العائلة على بوابة الإسكان الرسمية فقط دون إرسالها هنا.,صعوبة رفع المستندات العائلية
88,بوابة الإسكان,بوابة الإسكان لا تتحقق من العنوان الوطني,راجع حقول العنوان وفق تعليمات بوابة الإسكان. إذا فشل التحقق رغم صحتها، استفسر من الدعم بنص الخطأ دون إرسال عنوانك الكامل أو رقم الهوية.,عدم اكتمال التحقق من العنوان الوطني
89,بوابة الإسكان,صفحة تحديث الدخل لا تعمل في بوابة الإسكان,احفظ المعلومات قبل إعادة المحاولة وجرّب نافذة خاصة أو متصفحاً حديثاً. اكتب رسالة الخطأ والحقل المتأثر للدعم دون ذكر دخلك أو مستنداته هنا.,تعطل صفحة تحديث بيانات الدخل
90,بوابة الإسكان,بوابة الإسكان لا ترسل الطلب للمراجعة,راجع الحقول والمرفقات ثم تحقق من تأكيد الإرسال أو حالة الطلب. إذا لم يتضح هل أُرسل، استفسر من دعم الإسكان قبل إنشاء طلب جديد.,فشل إرسال الطلب للمراجعة
91,الدعم الفني للمعامل,عدم تعرف برنامج المختبر على جهاز الفحص,راجع التوصيلات الخارجية المسموح بها واذكر اسم البرنامج والجهاز ونص الخطأ للفني. لا تغيّر تعريفات أو معايرة جهاز فحص مختبري من تلقاء نفسك.,
92,الدعم الفني للمعامل,تعطل جهاز العرض داخل المعمل,افحص كابل العرض الخارجي ومصدر الإدخال ثم إعداد عرض الشاشة في الحاسب. إذا لم يستجب جهاز العرض، بلّغ فني المعمل دون فتحه.,البروجكتر ما يشتغل؛projector not working
93,الدعم الفني للمعامل,لا أستطيع حفظ نتائج تجربة المعمل,احفظ نسخة في موقع آخر مسموح إن أمكن وافحص نص الخطأ والمساحة. لا تحذف نتائج أو تغيّر صيغة بيانات التجربة دون تعليمات المشرف؛ راجع الفني أو مشرف المعمل.,فشل تسجيل النتائج داخل النظام
94,الدعم الفني للمعامل,حاسب المعمل يتوقف أثناء التجربة,بلّغ المشرف والفني بما حدث، وتوقف عن التجربة إذا كان التعطل يؤثر على نتائجها أو الجهاز. لا تعِد تشغيل أجهزة التجربة أو تغيّر توصيلاتها دون تعليمات المسؤول.,توقف أجهزة الحاسب في منتصف التجربة
95,الدعم الفني للمعامل,البرامج العلمية في المعمل بطيئة,احفظ العمل وأغلق البرامج غير الضرورية على جهازك. حدّد هل البطء في ملف معين واذكر البرنامج وحجم المهمة للفني دون تعديل إعدادات المعمل أو حذف بيانات التجربة.,بطء البرامج العلمية
96,الدعم الفني للتحول الرقمي,معاملة جديدة لا تظهر في مهام منصة التحول الرقمي,راجع الفلاتر والحساب وسجل المعاملة إن توفر. إذا أُكد إسناد المهمة ولا تظهر، راجع مسؤول منصة التحول للتأكد من المسار والصلاحيات.,عدم ظهور مهام المعاملات الجديدة
97,الدعم الفني للتحول الرقمي,تعذر اعتماد نموذج إلكتروني في منصة التحول الرقمي,راجع الحقول المطلوبة ونص الخطأ ومرحلة الاعتماد. إذا تتعلق المشكلة بالتوقيع أو الصلاحيات، اطلب المراجعة من المسؤول؛ لا يمكن تجاوز التحقق هنا.,تعطل اعتماد نموذج إلكتروني
98,الدعم الفني للتحول الرقمي,منصة التحول الرقمي ترفض ملف PDF,تأكد أن PDF يفتح وغير محمي بكلمة مرور وراجع حد الحجم. احفظ نسخة جديدة من المصدر إن توفر. اكتب الخطأ للدعم إذا استمر الرفض.,خطأ عند رفع المستند بصيغة PDF
99,الدعم الفني للتحول الرقمي,إشعارات منصة التحول الرقمي تتأخر,راجع إعدادات التنبيهات وقناة التواصل وصندوق البريد غير الهام إن كانت بريدية. سجّل نوع التنبيه ووقته للدعم دون تفاصيل المعاملة الشخصية.,تأخر وصول الإشعارات
100,الدعم الفني للتحول الرقمي,لا أستطيع تحديث ملفي في منصة التحول الرقمي,راجع الحقول الإلزامية ونص الخطأ واحفظ نسخة من النص قبل إعادة الدخول. الحقول المخصصة للقراءة تحتاج مسؤول المنصة لتحديثها.,عدم قدرة المستخدم على تحديث ملفه
101,الدعم الفني والصيانة,منافذ USB في حاسب الجامعة لا تعمل,جرّب USB سليماً ومنفذاً آخر إن كان مسموحاً. إذا تعطلت جميع المنافذ، راجع الفني؛ قد تمنع سياسة الجهاز التخزين الخارجي. لا تثبّت تعريفات غير موثوقة أو تهيّئ ذاكرة مهمة.,تعطل منفذ USB بالكامل
102,الدعم الفني والصيانة,حاسب الجامعة يصدر صوتاً غير معتاد,احفظ العمل وحدّد هل الصوت من السماعة أم جسم الجهاز. إذا ترافق مع حرارة شديدة أو رائحة أو توقف، أوقف الاستخدام وبلّغ الفني دون فتح الجهاز.,صدور صوت طنين من الجهاز؛البي سي يطلع صوت؛computer unusual noise
103,الدعم الفني والصيانة,حاسب الجامعة لا يقلع للنظام,لاحظ هل تظهر شاشة أو رسالة وافحص التوصيلات الخارجية فقط. لا تهيّئ القرص أو تعِد تثبيت النظام حتى لا تفقد البيانات. اكتب نص الخطأ وراجع الفني.,عدم إقلاع الجهاز؛الجهاز ما يقلع؛windows wont boot
104,الدعم الفني والصيانة,شاشة اللمس في جهاز الجامعة لا تستجيب,نظّف سطح الشاشة بلطف وفق تعليمات الجهاز وأعد التشغيل بعد حفظ العمل إن أمكن. إذا بقيت لا تستجيب، راجع الفني دون تثبيت تعريفات عشوائية.,تعطل شاشة اللمس؛التاتش ما يشتغل؛touchscreen not responding
105,الدعم الفني والصيانة,حاسب الجامعة يغلق فجأة,احفظ العمل وافحص التوصيل الخارجي والطاقة. إذا كان الجهاز ساخناً جداً أو تكرر الإغلاق، توقف عن استخدامه وراجع الفني دون فتحه.,إغلاق الجهاز بشكل مفاجئ؛البي سي يطفي لحاله؛computer shuts down randomly
106,المجالس والتوظيف,الوظائف لا تظهر في بوابة التوظيف,راجع الفلاتر ومواعيد إعلانات الوظائف ثم جرّب نافذة خاصة. قد لا توجد إعلانات متاحة؛ إذا كانت وظيفة معلنة لا تظهر، استفسر من دعم البوابة باسم الإعلان.,عدم ظهور الوظائف الحالية
107,المجالس والتوظيف,لا أستطيع تعديل السيرة الذاتية في بوابة التوظيف,راجع خيارات تعديل السيرة وحالة الطلب. إذا لم يتوفر تعديل بعد الإرسال، استفسر من الجهة المسؤولة بدلاً من تقديم طلب مكرر. لا يمكن تعديل الطلب هنا.,صعوبة تعديل السيرة الذاتية
108,المجالس والتوظيف,بيانات طلب التوظيف اختفت بعد الإرسال,راجع سجل طلبات التوظيف وتأكيد الإرسال من الحساب نفسه قبل التقديم مجدداً. إذا لم يظهر الطلب، تواصل مع الدعم بوقت الإرسال ورسالة التأكيد عبر القناة الرسمية.,اختفاء بيانات الطلب بعد الإرسال
109,المجالس والتوظيف,لا أستطيع رفع خطاب خبرة في بوابة التوظيف,راجع صيغة خطاب الخبرة وحجمه ووضوحه حسب صفحة الرفع. ارفعه على البوابة الرسمية فقط واكتب الخطأ للدعم إن استمر الرفض دون بيانات شخصية.,مشكلة في رفع خطاب الخبرة
110,المجالس والتوظيف,صفحة المتقدمين في نظام التوظيف لا تعمل,جرّب نافذة خاصة أو متصفحاً حديثاً. إذا كانت رسالة صفحة المتقدمين عن صلاحيات، راجع المسؤول. اكتب الخطوة التي تتوقف عندها الصفحة ونص الخطأ.,تعطل صفحة المتقدمين
111,الدعم الفني العام,الحاسب يعلق عند فتح موقع الجامعة,احفظ العمل ثم جرّب الموقع في نافذة خاصة أو متصفح حديث آخر. إذا عمل هناك، امسح بيانات الموقع المحدد أو عطّل إضافة مشتبه بها مؤقتاً. إذا تعلق الحاسب مع مواقع وبرامج أخرى أيضاً، راجع الفني قبل إعادة تشغيله قسرياً.,البي سي يعلق اذا دخلت موقع الجامعه؛اللابتوب يعلق بموقع الجامعة؛computer freezes on university website
112,الدعم الفني العام,المتصفح يعرض اتصالك ليس خاصاً عند فتح موقع الجامعة,لا تتجاوز تحذير الأمان ولا تدخل كلمة المرور. تحقق من الرابط وتاريخ ووقت جهازك، ثم جرّب الموقع الرسمي من جهاز آخر. إذا استمر التحذير، أبلغ الدعم بنصه.,اتصالك ليس خاصا؛شهادة الموقع غير صالحة؛your connection is not private
113,الدعم الفني العام,حساب الجامعة مقفل بسبب محاولات الدخول,توقف عن تكرار كلمات المرور وراجع طريقة الاستعادة الرسمية ورسالة القفل. إذا لم تُذكر طريقة أو مدة، راجع دعم الحسابات؛ لا يمكن للمساعد فتح الحساب أو ضمان وقت فك القفل.,حسابي مقفل؛account locked
114,الدعم الفني العام,رمز التحقق لحساب الجامعة لم يصل,تأكد من طريقة التحقق المسجلة والتغطية أو البريد غير الهام. انتظر الفترة المعروضة قبل إعادة الطلب. إذا تغير رقمك أو طريقة التحقق، راجع دعم الحسابات عبر القناة الرسمية.,كود الدخول ما وصل؛رمز الجامعة ما يجيني؛university otp missing
115,الدعم الفني العام,تطبيق التحقق الثنائي غير متاح لحساب الجامعة,استخدم طريقة بديلة أو رمز استرداد إن كنت أعددته رسمياً. إذا لم يتوفر بديل، راجع دعم الحسابات لإعادة الإعداد عبر التحقق الرسمي من هويتك. لا تشارك رموز الاسترداد هنا.,غيرت الجوال وما اقدر ادخل؛lost authenticator
116,الدعم الفني العام,وصلتني رسالة بريد مشبوهة باسم الجامعة,لا تفتح الروابط أو المرفقات ولا ترد ببيانات الدخول. افتح موقع الجامعة بنفسك للتأكد، وبلّغ الرسالة عبر قناة الأمن أو الدعم الرسمية دون إرسال محتواها الحساس هنا.,ايميل احتيالي؛رسالة تطلب الباسورد؛phishing email
117,الدعم الفني العام,أدخلت كلمة مرور الجامعة في رابط مشبوه,من جهاز موثوق افتح الموقع الرسمي وغيّر كلمة المرور إن استطعت، ثم بلّغ دعم الحسابات أو الأمن. راجع الجلسات وطرق التحقق إذا كانت الخدمة تتيح ذلك دون مشاركة كلمة المرور هنا.,حطيت الباسورد بموقع مزيف؛entered password phishing site
118,الدعم الفني العام,الميكروفون لا يعمل في محاضرة الجامعة,تأكد من عدم كتم الميكروفون واختيار الجهاز الصحيح داخل التطبيق. اسمح للمتصفح بالميكروفون على نطاق المحاضرة الرسمي فقط ثم جرّب اختبار الصوت. إذا تعطل في كل البرامج، راجع الفني.,الدكتور ما يسمعني؛المايك ما يشتغل؛microphone not working
119,الدعم الفني العام,الكاميرا لا تعمل في محاضرة الجامعة,تأكد من فتح غطاء الكاميرا واختيار الجهاز الصحيح. أغلق التطبيقات الأخرى التي تستخدمها وراجع إذن الكاميرا للنطاق الرسمي. اكتب نص الخطأ للدعم إذا استمر العطل.,الكاميرا ما تفتح بالمحاضرة؛webcam not working
120,الدعم الفني العام,المتصفح يمنع تنزيل ملف من موقع الجامعة,تأكد أن الرابط رسمي والملف متوقع ثم راجع رسالة الحظر. لا تعطّل الحماية أو تسمح بملف مشبوه. إذا كان ملف مقرر موثوقاً وما زال ممنوعاً، اسأل المدرس أو الدعم عن نسخة معتمدة.,التحميل محظور؛browser blocked download
121,الدعم الفني العام,لا أستطيع فتح ملف محاضرة PDF,تأكد أن التنزيل اكتمل ثم جرّب قارئ PDF أو متصفحاً حديثاً. إذا لم يفتح الملف نفسه على جهاز آخر، اطلب نسخة سليمة من المدرس دون تثبيت برامج من مصدر مجهول.,بي دي اف المحاضرة ما يفتح؛pdf wont open
122,الدعم الفني العام,الطابعة تطبع صفحات فارغة,تأكد من الملف والطابعة ومعاينة الطباعة ثم جرّب صفحة صغيرة. إذا استمرت الصفحات الفارغة، أبلغ الفني لفحص الحبر أو الطابعة دون فتح مكوناتها.,الطابعة تطبع ورق فاضي؛printer blank pages
123,الدعم الفني العام,الورق عالق في طابعة الجامعة,توقف عن إرسال مهام إضافية واقرأ التعليمات الظاهرة. لا تسحب الورق بالقوة أو تفتح أجزاء غير مخصصة للمستخدم. اطلب الفني إذا لم تكن طريقة الإزالة الآمنة واضحة.,ورق محشور بالطابعة؛printer paper jam
124,الدعم الفني العام,قرص حاسب الجامعة ممتلئ,احفظ ملفاتك المهمة في مساحة معتمدة أولاً. احذف غير الضروري من الملفات التي تملكها فقط. لا تحذف ملفات النظام أو ملفات الآخرين؛ اطلب الفني إذا بقيت المساحة غير كافية.,مساحة الجهاز فل؛disk full
125,الدعم الفني العام,حذفت ملفاً دراسياً بالخطأ,راجع سلة المحذوفات وسجل الإصدارات إن كان الملف سحابياً. قلّل الكتابة على القرص إذا كان الملف مهماً وغير موجود وراجع الفني. الاستعادة غير مضمونة؛ لا تثبّت أدوات عشوائية.,مسحت ملف بالغلط؛deleted file
126,الدعم الفني العام,اختفت إجاباتي أثناء اختبار إلكتروني,سجّل الوقت ونص الخطأ وما حدث وتواصل فوراً مع المدرس أو دعم المنصة. لا تبدأ محاولة جديدة أو تكرر الإرسال قبل تعليماتهم. المساعد لا يعيد الإجابات أو يفتح الاختبار.,اجوبتي راحت بالاختبار؛exam answers lost
127,الدعم الفني العام,لا يظهر تأكيد تسليم الواجب,راجع صفحة الواجب وسجل المحاولات من الحساب نفسه. إذا لم يظهر تأكيد، أخبر المدرس بوقت المحاولة ونص الخطأ قبل الموعد؛ الضغط على إرسال لا يضمن نجاح التسليم.,هل واجبي انرسل؛no assignment submission confirmation
128,الدعم الفني العام,خدمة الجامعة تعرض خطأ 403 أو ليس لديك صلاحية,تأكد من الحساب الصحيح والرابط الرسمي. إذا استمر منع الوصول، راجع مسؤول الخدمة لتأكيد صلاحياتك؛ تغيير المتصفح لا يمنح صلاحية غير موجودة.,ممنوع الوصول؛access denied 403
129,الدعم الفني العام,خدمة الجامعة تعرض خطأ 404 الصفحة غير موجودة,افتح الخدمة من قائمة الموقع الرسمي بدلاً من رابط قديم. إذا كان الرابط الرسمي يعرض 404 أيضاً، بلّغ الدعم باسم الخدمة دون استخدام مواقع بديلة غير معروفة.,الصفحة غير موجودة؛page not found 404
130,الدعم الفني العام,خدمة الجامعة تعرض خطأ 500 أو خطأ في الخادم,احفظ النص الذي أدخلته ثم انتظر قليلاً وأعد المحاولة مرة واحدة. بلّغ الدعم باسم الخدمة والوقت إذا استمر الخطأ. لا تكرر إرسال طلب حساس قبل التأكد من نتيجته.,خطأ بالخادم؛server error 500
131,الدعم الفني العام,موقع الجامعة يعيدني إلى صفحة الدخول باستمرار,تأكد من وقت الجهاز ثم جرّب نافذة خاصة وسجّل الدخول من الرابط الرسمي. إذا عملت، امسح بيانات الموقع المحدد فقط. إذا استمرت الحلقة، اكتب اسم المتصفح والخدمة للدعم.,كل شوي يرجعني لتسجيل الدخول؛login loop
132,الدعم الفني العام,النص العربي يظهر بشكل غير صحيح في نظام الجامعة,جرّب متصفحاً حديثاً ولغة الإدخال المطلوبة. إذا يتلف النص بعد الحفظ، لا تعدّل بيانات مهمة مرات متكررة؛ اذكر الحقل والخدمة للدعم مع مثال غير شخصي.,العربي يطلع رموز؛arabic text garbled
